{"cameraMode":{"drawMode":0,"name":"Shaded","section":"Shading Mode"},"sceneLighting":true,"audioPlay":false,"sceneViewState":{"showFog":true,"showMaterialUpdate":false,"showSkybox":true,"showFlares":true,"showImageEffects":true,"showParticleSystems":true},"in2DMode":false,"pivot":{"x":6.430370330810547,"y":1.1195459365844727,"z":-217.0264434814453},"rotation":{"x":0.2879660129547119,"y":0.19895091652870179,"z":-0.061220042407512668,"w":0.9348176121711731},"size":10.30728816986084,"orthographic":false}