{"cameraMode":{"drawMode":0,"name":"Shaded","section":"Shading Mode"},"sceneLighting":true,"audioPlay":false,"sceneViewState":{"m_AlwaysRefresh":false,"showFog":true,"showSkybox":true,"showFlares":true,"showImageEffects":true,"showParticleSystems":true,"showVisualEffectGraphs":true,"m_FxEnabled":true},"in2DMode":false,"pivot":{"x":-1.0129072666168213,"y":2.5262904167175295,"z":-247.9524383544922},"rotation":{"x":-0.24150584638118745,"y":0.08197802305221558,"z":-0.02047966606914997,"w":-0.9667179584503174},"size":1.0792253017425538,"orthographic":false}